AP-GAPAJ0,6,10,13,20,27,45,46,51,59
AP-DZW78Y,1,6,13,17,24,31,38,40,46,48,50,55,56,60
AP-YV1XM1,4,7,14,16,24,32,35,36,37,39,42,46,51,56,60
AP-PXIR4U,3,10,11,17,23,27,35,42,46,47
AP-OKJ54P,8,24,32,39,44,47
AP-M0NGYH,5,15,27,28,30,33,42,49,52,53,58
AP-HBZZ49,1,3,6,16,24,41,43,49,50,51,54
AP-SGGFX1,3,4,7,8,9,12,19,25,47,50,51,52,53,54
AP-544Y46,3,8,10,19,27,36,37,41,47,48,52,54,55,57
AP-37PWVU,2,4,9,18,20,33,55,56
AP-3MKR8Z,2,4,5,7,9,17,19,29,33,51,53,54,58
AP-NGO52K,1,3,5,15,19,29,30,35,36,37,39,41,42
AP-08I7V8,7,10,15,42,57,58
AP-X1W2KI,6,10,13,20,22,27,33,44,51,54
AP-OMBND9,12,14,19,21,44,46,55,57,60
AP-4PG1P8,3,11,13,14,19,25,27,28,32,38,39,49,52
AP-B5P93X,10,16,33,38,45,51,52
AP-24A32B,1,2,3,18,27,34,37,46,53
AP-N97ABO,2,10,24,32,37,41,52,59
AP-N8ZLFT,3,15,31,32,49,50
